model,rmse,mae,mape,smape,r2,vs_baseline_pct
naive_seasonal,1094.0368831542776,458.670041691483,10.973278693612304,10.29611026152306,0.23002588080326536,0.0
group_mean,1026.7535477687095,729.7528730153148,18.79538912357555,21.160538265569475,0.32182055145483257,6.150006130650716
ridge,748.1158816498788,339.6770532596938,9.23796287946635,8.972408763815242,0.6399606662540591,31.618769607387915
lightgbm,755.8761473081445,345.56514543785835,8.873086887793304,8.715691899858415,0.6324524923386017,30.9094456551742
xgboost,788.3459448693056,429.6899137423108,11.885950666376043,11.482687411232497,0.6001971583768015,27.941556906529303
