model,rmse,mae,mape,smape,r2,vs_baseline_pct
naive_seasonal,803.4574039736021,431.0,12.851938495784976,11.852788017899494,0.445234547641441,0.0
group_mean,820.9588839475465,782.5026498847603,21.517774994408274,24.297891194218934,0.4208027285271536,-2.178271043043294
ridge,267.19243110636137,227.87112215432154,7.672929589241255,7.239646712437854,0.9386475378102912,66.7446675100725
lightgbm,223.3013054334431,179.8184927674206,5.145700078554929,5.064314269030567,0.9571484813894778,72.20744941435878
xgboost,294.2109186363146,253.51629774305556,7.974957414568299,7.7120344159802015,0.9256122769378747,63.38188967065875
