model,resid_mean,resid_std,resid_skew,ljung_p
lightgbm,-31.254166389374713,222.34194002675557,0.878796454278158,0.03701699125565379
naive_seasonal,1.7777777777777777,807.9566232902616,-0.15224801506204866,1.8562232052835945e-07
group_mean,782.5026498847603,249.71170534576973,0.5973581354571524,1.2778605987845265e-05
ridge,-151.27372046570127,221.47932427735478,0.3421243564411339,0.00034489778284994295
xgboost,-19.062606666666497,295.2374751372858,0.3902526895092231,1.3828882219599258e-06
