{
  "best_rmse": 456.8114925554275,
  "params": {
    "learning_rate": 0.21363742859495966,
    "num_leaves": 230,
    "max_depth": 3,
    "min_child_samples": 5,
    "feature_fraction": 0.8541954452957086,
    "bagging_fraction": 0.6432940719775833,
    "bagging_freq": 6,
    "lambda_l1": 0.00035924799583240844,
    "lambda_l2": 0.005342631202523143
  }
}