{
  "best_rmse": 463.42283651759226,
  "params": {
    "learning_rate": 0.11568174427378175,
    "num_leaves": 61,
    "max_depth": 3,
    "min_child_samples": 17,
    "feature_fraction": 0.8708499327319221,
    "bagging_fraction": 0.5405709850625559,
    "bagging_freq": 2,
    "lambda_l1": 0.0026128499587609933,
    "lambda_l2": 0.00043074400794777253
  }
}